Site Specificity	Turn Over	Human influence
Aerator	0.679203316492764	0.0555555555555556	0.00458881992296667
Bed Rail	-2.0176837289066	0.195121951219512	0.655860837779256
Bedside Locker	-1.28200767544761	0.16	0.4493519623835
Cardiac Table	-1.59054766872266	0.285714285714286	0.235234502156846
Door handle	-1.43475490662618	0.09375	0.465316951190636
Pulse Oxymeter	-1.77595958620872	0.25	0.768113611018138
Sink Trap	0.341669241249138	0.125	0.0158847768741622
